CustomerID,Tenure,MonthlyCharges,TotalCharges,Contract,Churn,Customer_Segment,Revenue_Per_Month,Is_High_Value,Source,Date,Product,Quantity,Price,Customer_ID,Region,Total_Sales,Month,Avg_Price_Per_Unit,Is_High_Value_Order
C00001,6.0,64.0,1540.0,One year,0.0,New,220.0,0.0,Customer_Churn,,,,,,,,,,
C00002,21.0,113.0,1753.0,Month-to-month,0.0,Growing,79.68181818181819,0.0,Customer_Churn,,,,,,,,,,
C00003,27.0,31.0,1455.0,Two year,0.0,Growing,51.964285714285715,0.0,Customer_Churn,,,,,,,,,,
C00004,53.0,29.0,7150.0,Month-to-month,0.0,Established,132.40740740740742,1.0,Customer_Churn,,,,,,,,,,
C00005,16.0,185.0,1023.0,One year,0.0,Growing,60.1764705882353,0.0,Customer_Churn,,,,,,,,,,
C00006,55.0,44.0,7538.0,Two year,0.0,Established,134.60714285714286,1.0,Customer_Churn,,,,,,,,,,
C00007,66.0,99.0,4178.0,Two year,0.0,Loyal,62.35820895522388,0.0,Customer_Churn,,,,,,,,,,
C00008,61.0,128.0,3088.0,Month-to-month,0.0,Loyal,49.806451612903224,0.0,Customer_Churn,,,,,,,,,,
C00009,64.0,124.0,7973.0,Month-to-month,0.0,Loyal,122.66153846153846,1.0,Customer_Churn,,,,,,,,,,
C00010,14.0,120.0,5844.0,One year,0.0,Growing,389.6,1.0,Customer_Churn,,,,,,,,,,
C00011,59.0,57.0,5168.0,One year,0.0,Established,86.13333333333334,1.0,Customer_Churn,,,,,,,,,,
C00012,7.0,110.0,7282.0,Month-to-month,1.0,New,910.25,1.0,Customer_Churn,,,,,,,,,,
C00013,53.0,86.0,3438.0,Month-to-month,0.0,Established,63.666666666666664,0.0,Customer_Churn,,,,,,,,,,
C00014,8.0,158.0,6194.0,Month-to-month,1.0,New,688.2222222222222,1.0,Customer_Churn,,,,,,,,,,
C00015,53.0,58.0,768.0,Month-to-month,0.0,Established,14.222222222222221,0.0,Customer_Churn,,,,,,,,,,
C00016,65.0,77.0,4071.0,Month-to-month,0.0,Loyal,61.68181818181818,0.0,Customer_Churn,,,,,,,,,,
C00017,19.0,187.0,4874.0,Two year,0.0,Growing,243.7,1.0,Customer_Churn,,,,,,,,,,
C00018,42.0,101.0,3736.0,One year,0.0,Established,86.88372093023256,0.0,Customer_Churn,,,,,,,,,,
C00019,7.0,156.0,5389.0,One year,1.0,New,673.625,1.0,Customer_Churn,,,,,,,,,,
C00020,26.0,105.0,6868.0,Month-to-month,0.0,Growing,254.37037037037038,1.0,Customer_Churn,,,,,,,,,,
C00021,38.0,137.0,1000.0,Month-to-month,0.0,Established,25.641025641025642,0.0,Customer_Churn,,,,,,,,,,
C00022,25.0,120.0,4855.0,Two year,0.0,Growing,186.73076923076923,1.0,Customer_Churn,,,,,,,,,,
C00023,60.0,40.0,1755.0,One year,0.0,Established,28.770491803278688,0.0,Customer_Churn,,,,,,,,,,
C00024,30.0,100.0,3710.0,Two year,0.0,Growing,119.6774193548387,0.0,Customer_Churn,,,,,,,,,,
C00025,25.0,193.0,7565.0,Month-to-month,0.0,Growing,290.96153846153845,1.0,Customer_Churn,,,,,,,,,,
C00026,47.0,181.0,3295.0,One year,0.0,Established,68.64583333333333,0.0,Customer_Churn,,,,,,,,,,
C00027,60.0,101.0,3741.0,Month-to-month,0.0,Established,61.32786885245902,0.0,Customer_Churn,,,,,,,,,,
C00028,20.0,56.0,3950.0,One year,0.0,Growing,188.0952380952381,0.0,Customer_Churn,,,,,,,,,,
C00029,36.0,175.0,3682.0,One year,0.0,Growing,99.51351351351352,0.0,Customer_Churn,,,,,,,,,,
C00030,34.0,190.0,7540.0,One year,0.0,Growing,215.42857142857142,1.0,Customer_Churn,,,,,,,,,,
C00031,28.0,101.0,4643.0,One year,0.0,Growing,160.10344827586206,1.0,Customer_Churn,,,,,,,,,,
C00032,10.0,196.0,4825.0,Month-to-month,1.0,New,438.6363636363636,1.0,Customer_Churn,,,,,,,,,,
C00033,43.0,182.0,7129.0,One year,0.0,Established,162.02272727272728,1.0,Customer_Churn,,,,,,,,,,
C00034,32.0,195.0,7139.0,One year,0.0,Growing,216.33333333333334,1.0,Customer_Churn,,,,,,,,,,
C00035,60.0,44.0,1302.0,One year,0.0,Established,21.34426229508197,0.0,Customer_Churn,,,,,,,,,,
C00036,50.0,116.0,690.0,Month-to-month,0.0,Established,13.529411764705882,0.0,Customer_Churn,,,,,,,,,,
C00037,37.0,42.0,947.0,Month-to-month,0.0,Established,24.92105263157895,0.0,Customer_Churn,,,,,,,,,,
C00038,62.0,166.0,6225.0,Two year,0.0,Loyal,98.80952380952381,1.0,Customer_Churn,,,,,,,,,,
C00039,50.0,84.0,858.0,Month-to-month,0.0,Established,16.823529411764707,0.0,Customer_Churn,,,,,,,,,,
C00040,26.0,151.0,1952.0,Two year,0.0,Growing,72.29629629629629,0.0,Customer_Churn,,,,,,,,,,
C00041,42.0,20.0,1950.0,Two year,0.0,Established,45.348837209302324,0.0,Customer_Churn,,,,,,,,,,
C00042,7.0,148.0,2701.0,Two year,0.0,New,337.625,0.0,Customer_Churn,,,,,,,,,,
C00043,63.0,89.0,6547.0,One year,0.0,Loyal,102.296875,1.0,Customer_Churn,,,,,,,,,,
C00044,42.0,123.0,3913.0,Month-to-month,0.0,Established,91.0,0.0,Customer_Churn,,,,,,,,,,
C00045,34.0,93.0,3344.0,Two year,0.0,Growing,95.54285714285714,0.0,Customer_Churn,,,,,,,,,,
C00046,32.0,170.0,4773.0,Two year,0.0,Growing,144.63636363636363,1.0,Customer_Churn,,,,,,,,,,
C00047,22.0,46.0,7555.0,Month-to-month,0.0,Growing,328.4782608695652,1.0,Customer_Churn,,,,,,,,,,
C00048,37.0,162.0,3735.0,Month-to-month,0.0,Established,98.28947368421052,0.0,Customer_Churn,,,,,,,,,,
C00049,56.0,49.0,3376.0,Month-to-month,0.0,Established,59.228070175438596,0.0,Customer_Churn,,,,,,,,,,
C00050,49.0,121.0,5161.0,One year,0.0,Established,103.22,1.0,Customer_Churn,,,,,,,,,,
C00051,71.0,172.0,416.0,Month-to-month,0.0,Loyal,5.777777777777778,0.0,Customer_Churn,,,,,,,,,,
C00052,31.0,154.0,7537.0,Two year,0.0,Growing,235.53125,1.0,Customer_Churn,,,,,,,,,,
C00053,53.0,48.0,1497.0,One year,0.0,Established,27.72222222222222,0.0,Customer_Churn,,,,,,,,,,
C00054,49.0,68.0,2615.0,Month-to-month,0.0,Established,52.3,0.0,Customer_Churn,,,,,,,,,,
C00055,9.0,157.0,7022.0,Month-to-month,1.0,New,702.2,1.0,Customer_Churn,,,,,,,,,,
C00056,47.0,54.0,6827.0,Two year,0.0,Established,142.22916666666666,1.0,Customer_Churn,,,,,,,,,,
C00057,58.0,121.0,3537.0,One year,0.0,Established,59.94915254237288,0.0,Customer_Churn,,,,,,,,,,
C00058,59.0,72.0,7053.0,Month-to-month,0.0,Established,117.55,1.0,Customer_Churn,,,,,,,,,,
C00059,36.0,38.0,3792.0,One year,0.0,Growing,102.48648648648648,0.0,Customer_Churn,,,,,,,,,,
C00060,26.0,182.0,7074.0,Month-to-month,0.0,Growing,262.0,1.0,Customer_Churn,,,,,,,,,,
C00061,23.0,187.0,5608.0,Month-to-month,0.0,Growing,233.66666666666666,1.0,Customer_Churn,,,,,,,,,,
C00062,10.0,195.0,4284.0,Two year,1.0,New,389.45454545454544,1.0,Customer_Churn,,,,,,,,,,
C00063,53.0,128.0,5803.0,One year,0.0,Established,107.46296296296296,1.0,Customer_Churn,,,,,,,,,,
C00064,25.0,176.0,4496.0,One year,0.0,Growing,172.92307692307693,1.0,Customer_Churn,,,,,,,,,,
C00065,65.0,180.0,4142.0,One year,0.0,Loyal,62.75757575757576,0.0,Customer_Churn,,,,,,,,,,
C00066,3.0,140.0,2541.0,One year,0.0,New,635.25,0.0,Customer_Churn,,,,,,,,,,
C00067,53.0,61.0,3631.0,One year,0.0,Established,67.24074074074075,0.0,Customer_Churn,,,,,,,,,,
C00068,62.0,62.0,3016.0,Two year,0.0,Loyal,47.87301587301587,0.0,Customer_Churn,,,,,,,,,,
C00069,2.0,102.0,1333.0,Two year,1.0,New,444.3333333333333,0.0,Customer_Churn,,,,,,,,,,
C00070,53.0,21.0,6828.0,One year,0.0,Established,126.44444444444444,1.0,Customer_Churn,,,,,,,,,,
C00071,69.0,153.0,1418.0,Month-to-month,0.0,Loyal,20.257142857142856,0.0,Customer_Churn,,,,,,,,,,
C00072,68.0,153.0,1930.0,One year,0.0,Loyal,27.971014492753625,0.0,Customer_Churn,,,,,,,,,,
C00073,13.0,125.0,3696.0,Two year,0.0,Growing,264.0,0.0,Customer_Churn,,,,,,,,,,
C00074,2.0,152.0,2038.0,Month-to-month,1.0,New,679.3333333333334,0.0,Customer_Churn,,,,,,,,,,
C00075,70.0,77.0,7593.0,Two year,0.0,Loyal,106.94366197183099,1.0,Customer_Churn,,,,,,,,,,
C00076,35.0,170.0,936.0,One year,0.0,Growing,26.0,0.0,Customer_Churn,,,,,,,,,,
C00077,4.0,43.0,7302.0,Month-to-month,1.0,New,1460.4,1.0,Customer_Churn,,,,,,,,,,
C00078,41.0,109.0,7937.0,Two year,0.0,Established,188.97619047619048,1.0,Customer_Churn,,,,,,,,,,
C00079,8.0,95.0,3792.0,One year,0.0,New,421.3333333333333,0.0,Customer_Churn,,,,,,,,,,
C00080,47.0,138.0,6406.0,Two year,0.0,Established,133.45833333333334,1.0,Customer_Churn,,,,,,,,,,
C00081,35.0,139.0,5211.0,Two year,0.0,Growing,144.75,1.0,Customer_Churn,,,,,,,,,,
C00082,30.0,162.0,3917.0,One year,0.0,Growing,126.35483870967742,0.0,Customer_Churn,,,,,,,,,,
C00083,27.0,142.0,1908.0,Two year,0.0,Growing,68.14285714285714,0.0,Customer_Churn,,,,,,,,,,
C00084,50.0,141.0,4412.0,Month-to-month,0.0,Established,86.50980392156863,1.0,Customer_Churn,,,,,,,,,,
C00085,51.0,136.0,4725.0,Two year,0.0,Established,90.86538461538461,1.0,Customer_Churn,,,,,,,,,,
C00086,63.0,29.0,7685.0,Two year,0.0,Loyal,120.078125,1.0,Customer_Churn,,,,,,,,,,
C00087,43.0,103.0,2856.0,One year,0.0,Established,64.9090909090909,0.0,Customer_Churn,,,,,,,,,,
C00088,40.0,108.0,2650.0,One year,0.0,Established,64.63414634146342,0.0,Customer_Churn,,,,,,,,,,
C00089,41.0,177.0,4075.0,One year,0.0,Established,97.02380952380952,0.0,Customer_Churn,,,,,,,,,,
C00090,21.0,126.0,7735.0,One year,0.0,Growing,351.59090909090907,1.0,Customer_Churn,,,,,,,,,,
C00091,3.0,188.0,2422.0,Two year,0.0,New,605.5,0.0,Customer_Churn,,,,,,,,,,
C00092,42.0,122.0,1294.0,Two year,0.0,Established,30.093023255813954,0.0,Customer_Churn,,,,,,,,,,
C00093,18.0,29.0,7469.0,Month-to-month,0.0,Growing,393.10526315789474,1.0,Customer_Churn,,,,,,,,,,
C00094,55.0,193.0,4344.0,Two year,0.0,Established,77.57142857142857,1.0,Customer_Churn,,,,,,,,,,
C00095,21.0,140.0,3171.0,One year,0.0,Growing,144.13636363636363,0.0,Customer_Churn,,,,,,,,,,
C00096,20.0,150.0,1780.0,Month-to-month,0.0,Growing,84.76190476190476,0.0,Customer_Churn,,,,,,,,,,
C00097,15.0,40.0,510.0,Month-to-month,0.0,Growing,31.875,0.0,Customer_Churn,,,,,,,,,,
C00098,42.0,172.0,1168.0,Month-to-month,0.0,Established,27.162790697674417,0.0,Customer_Churn,,,,,,,,,,
C00099,10.0,143.0,3353.0,Two year,1.0,New,304.8181818181818,0.0,Customer_Churn,,,,,,,,,,
C00100,39.0,84.0,7566.0,One year,0.0,Established,189.15,1.0,Customer_Churn,,,,,,,,,,
C00101,66.0,170.0,1059.0,Month-to-month,0.0,Loyal,15.805970149253731,0.0,Customer_Churn,,,,,,,,,,
C00102,50.0,130.0,1087.0,One year,0.0,Established,21.313725490196077,0.0,Customer_Churn,,,,,,,,,,
C00103,44.0,78.0,6369.0,One year,0.0,Established,141.53333333333333,1.0,Customer_Churn,,,,,,,,,,
C00104,7.0,39.0,6651.0,One year,0.0,New,831.375,1.0,Customer_Churn,,,,,,,,,,
C00105,3.0,115.0,5547.0,Two year,1.0,New,1386.75,1.0,Customer_Churn,,,,,,,,,,
C00106,21.0,75.0,7026.0,Two year,0.0,Growing,319.3636363636364,1.0,Customer_Churn,,,,,,,,,,
C00107,3.0,59.0,7111.0,Month-to-month,1.0,New,1777.75,1.0,Customer_Churn,,,,,,,,,,
C00108,18.0,56.0,7925.0,One year,0.0,Growing,417.10526315789474,1.0,Customer_Churn,,,,,,,,,,
C00109,48.0,152.0,4042.0,One year,0.0,Established,82.48979591836735,0.0,Customer_Churn,,,,,,,,,,
C00110,32.0,24.0,2939.0,Two year,0.0,Growing,89.06060606060606,0.0,Customer_Churn,,,,,,,,,,
C00111,41.0,88.0,3461.0,One year,0.0,Established,82.4047619047619,0.0,Customer_Churn,,,,,,,,,,
C00112,55.0,87.0,3353.0,Two year,0.0,Established,59.875,0.0,Customer_Churn,,,,,,,,,,
C00113,15.0,102.0,1746.0,Month-to-month,0.0,Growing,109.125,0.0,Customer_Churn,,,,,,,,,,
C00114,31.0,111.0,2539.0,Month-to-month,0.0,Growing,79.34375,0.0,Customer_Churn,,,,,,,,,,
C00115,33.0,160.0,2315.0,One year,0.0,Growing,68.08823529411765,0.0,Customer_Churn,,,,,,,,,,
C00116,70.0,164.0,5320.0,One year,0.0,Loyal,74.92957746478874,1.0,Customer_Churn,,,,,,,,,,
C00117,14.0,187.0,2225.0,Two year,0.0,Growing,148.33333333333334,0.0,Customer_Churn,,,,,,,,,,
C00118,35.0,98.0,4023.0,Two year,0.0,Growing,111.75,0.0,Customer_Churn,,,,,,,,,,
C00119,56.0,83.0,562.0,Month-to-month,0.0,Established,9.859649122807017,0.0,Customer_Churn,,,,,,,,,,
C00120,62.0,75.0,2451.0,One year,0.0,Loyal,38.904761904761905,0.0,Customer_Churn,,,,,,,,,,
C00121,30.0,107.0,6906.0,One year,0.0,Growing,222.7741935483871,1.0,Customer_Churn,,,,,,,,,,
C00122,15.0,147.0,2687.0,One year,0.0,Growing,167.9375,0.0,Customer_Churn,,,,,,,,,,
C00123,41.0,114.0,2419.0,Two year,0.0,Established,57.595238095238095,0.0,Customer_Churn,,,,,,,,,,
C00124,27.0,50.0,2751.0,Two year,0.0,Growing,98.25,0.0,Customer_Churn,,,,,,,,,,
C00125,4.0,177.0,950.0,Month-to-month,1.0,New,190.0,0.0,Customer_Churn,,,,,,,,,,
C00126,62.0,183.0,7208.0,Two year,0.0,Loyal,114.41269841269842,1.0,Customer_Churn,,,,,,,,,,
C00127,31.0,62.0,5887.0,One year,0.0,Growing,183.96875,1.0,Customer_Churn,,,,,,,,,,
C00128,13.0,137.0,7128.0,One year,0.0,Growing,509.14285714285717,1.0,Customer_Churn,,,,,,,,,,
C00129,20.0,179.0,2692.0,Month-to-month,0.0,Growing,128.1904761904762,0.0,Customer_Churn,,,,,,,,,,
C00130,8.0,174.0,3979.0,Two year,1.0,New,442.1111111111111,0.0,Customer_Churn,,,,,,,,,,
C00131,2.0,125.0,7858.0,Month-to-month,1.0,New,2619.3333333333335,1.0,Customer_Churn,,,,,,,,,,
C00132,3.0,79.0,891.0,Month-to-month,1.0,New,222.75,0.0,Customer_Churn,,,,,,,,,,
C00133,48.0,92.0,5908.0,Two year,0.0,Established,120.57142857142857,1.0,Customer_Churn,,,,,,,,,,
C00134,15.0,28.0,6569.0,Month-to-month,0.0,Growing,410.5625,1.0,Customer_Churn,,,,,,,,,,
C00135,64.0,101.0,5706.0,Month-to-month,0.0,Loyal,87.78461538461538,1.0,Customer_Churn,,,,,,,,,,
C00136,52.0,152.0,4318.0,Two year,0.0,Established,81.47169811320755,1.0,Customer_Churn,,,,,,,,,,
C00137,10.0,134.0,4476.0,Month-to-month,1.0,New,406.90909090909093,1.0,Customer_Churn,,,,,,,,,,
C00138,30.0,188.0,4095.0,Two year,0.0,Growing,132.09677419354838,0.0,Customer_Churn,,,,,,,,,,
C00139,27.0,67.0,3567.0,Month-to-month,0.0,Growing,127.39285714285714,0.0,Customer_Churn,,,,,,,,,,
C00140,2.0,184.0,5021.0,One year,1.0,New,1673.6666666666667,1.0,Customer_Churn,,,,,,,,,,
C00141,46.0,112.0,6817.0,Two year,0.0,Established,145.04255319148936,1.0,Customer_Churn,,,,,,,,,,
C00142,11.0,115.0,1713.0,Two year,1.0,New,142.75,0.0,Customer_Churn,,,,,,,,,,
C00143,64.0,167.0,3677.0,Month-to-month,0.0,Loyal,56.56923076923077,0.0,Customer_Churn,,,,,,,,,,
C00144,65.0,47.0,5540.0,One year,0.0,Loyal,83.93939393939394,1.0,Customer_Churn,,,,,,,,,,
C00145,21.0,173.0,7651.0,Two year,0.0,Growing,347.77272727272725,1.0,Customer_Churn,,,,,,,,,,
C00146,29.0,42.0,2058.0,One year,0.0,Growing,68.6,0.0,Customer_Churn,,,,,,,,,,
C00147,6.0,133.0,7448.0,One year,1.0,New,1064.0,1.0,Customer_Churn,,,,,,,,,,
C00148,34.0,24.0,2004.0,Two year,0.0,Growing,57.25714285714286,0.0,Customer_Churn,,,,,,,,,,
C00149,20.0,114.0,1250.0,One year,0.0,Growing,59.523809523809526,0.0,Customer_Churn,,,,,,,,,,
C00150,42.0,132.0,3139.0,Month-to-month,0.0,Established,73.0,0.0,Customer_Churn,,,,,,,,,,
C00151,5.0,105.0,5965.0,One year,1.0,New,994.1666666666666,1.0,Customer_Churn,,,,,,,,,,
C00152,45.0,139.0,7654.0,Month-to-month,0.0,Established,166.3913043478261,1.0,Customer_Churn,,,,,,,,,,
C00153,21.0,156.0,6366.0,Two year,0.0,Growing,289.3636363636364,1.0,Customer_Churn,,,,,,,,,,
C00154,37.0,158.0,3355.0,Two year,0.0,Established,88.28947368421052,0.0,Customer_Churn,,,,,,,,,,
C00155,68.0,40.0,5920.0,Month-to-month,0.0,Loyal,85.79710144927536,1.0,Customer_Churn,,,,,,,,,,
C00156,26.0,148.0,4601.0,One year,0.0,Growing,170.40740740740742,1.0,Customer_Churn,,,,,,,,,,
C00157,26.0,78.0,5632.0,Two year,0.0,Growing,208.59259259259258,1.0,Customer_Churn,,,,,,,,,,
C00158,1.0,86.0,7217.0,Two year,0.0,New,3608.5,1.0,Customer_Churn,,,,,,,,,,
C00159,47.0,182.0,3250.0,One year,0.0,Established,67.70833333333333,0.0,Customer_Churn,,,,,,,,,,
C00160,30.0,154.0,4096.0,One year,0.0,Growing,132.1290322580645,0.0,Customer_Churn,,,,,,,,,,
C00161,51.0,78.0,984.0,Month-to-month,0.0,Established,18.923076923076923,0.0,Customer_Churn,,,,,,,,,,
C00162,13.0,90.0,347.0,One year,0.0,Growing,24.785714285714285,0.0,Customer_Churn,,,,,,,,,,
C00163,64.0,185.0,3916.0,One year,0.0,Loyal,60.246153846153845,0.0,Customer_Churn,,,,,,,,,,
C00164,60.0,171.0,220.0,Month-to-month,0.0,Established,3.6065573770491803,0.0,Customer_Churn,,,,,,,,,,
C00165,69.0,48.0,3419.0,One year,0.0,Loyal,48.84285714285714,0.0,Customer_Churn,,,,,,,,,,
C00166,40.0,105.0,791.0,One year,0.0,Established,19.29268292682927,0.0,Customer_Churn,,,,,,,,,,
C00167,23.0,110.0,6723.0,Two year,0.0,Growing,280.125,1.0,Customer_Churn,,,,,,,,,,
C00168,42.0,80.0,5832.0,One year,0.0,Established,135.62790697674419,1.0,Customer_Churn,,,,,,,,,,
C00169,13.0,99.0,2938.0,Month-to-month,0.0,Growing,209.85714285714286,0.0,Customer_Churn,,,,,,,,,,
C00170,24.0,84.0,6882.0,One year,0.0,Growing,275.28,1.0,Customer_Churn,,,,,,,,,,
C00171,22.0,61.0,5363.0,Two year,0.0,Growing,233.17391304347825,1.0,Customer_Churn,,,,,,,,,,
C00172,10.0,115.0,3717.0,One year,1.0,New,337.90909090909093,0.0,Customer_Churn,,,,,,,,,,
C00173,62.0,160.0,1811.0,Month-to-month,0.0,Loyal,28.746031746031747,0.0,Customer_Churn,,,,,,,,,,
C00174,5.0,145.0,1090.0,Month-to-month,1.0,New,181.66666666666666,0.0,Customer_Churn,,,,,,,,,,
C00175,20.0,76.0,6396.0,Two year,0.0,Growing,304.57142857142856,1.0,Customer_Churn,,,,,,,,,,
C00176,68.0,67.0,1797.0,Two year,0.0,Loyal,26.043478260869566,0.0,Customer_Churn,,,,,,,,,,
C00177,42.0,50.0,279.0,One year,0.0,Established,6.488372093023256,0.0,Customer_Churn,,,,,,,,,,
C00178,3.0,180.0,3232.0,One year,0.0,New,808.0,0.0,Customer_Churn,,,,,,,,,,
C00179,68.0,193.0,3285.0,One year,0.0,Loyal,47.608695652173914,0.0,Customer_Churn,,,,,,,,,,
C00180,52.0,39.0,3233.0,Two year,0.0,Established,61.0,0.0,Customer_Churn,,,,,,,,,,
C00181,4.0,135.0,4742.0,Month-to-month,1.0,New,948.4,1.0,Customer_Churn,,,,,,,,,,
C00182,13.0,64.0,4297.0,Month-to-month,0.0,Growing,306.92857142857144,1.0,Customer_Churn,,,,,,,,,,
C00183,56.0,151.0,735.0,Two year,0.0,Established,12.894736842105264,0.0,Customer_Churn,,,,,,,,,,
C00184,61.0,29.0,2290.0,One year,0.0,Loyal,36.935483870967744,0.0,Customer_Churn,,,,,,,,,,
C00185,47.0,130.0,2289.0,Month-to-month,0.0,Established,47.6875,0.0,Customer_Churn,,,,,,,,,,
C00186,59.0,93.0,7342.0,Month-to-month,0.0,Established,122.36666666666666,1.0,Customer_Churn,,,,,,,,,,
C00187,47.0,199.0,6905.0,Two year,0.0,Established,143.85416666666666,1.0,Customer_Churn,,,,,,,,,,
C00188,49.0,163.0,3776.0,One year,0.0,Established,75.52,0.0,Customer_Churn,,,,,,,,,,
C00189,31.0,100.0,4971.0,One year,0.0,Growing,155.34375,1.0,Customer_Churn,,,,,,,,,,
C00190,52.0,185.0,7330.0,Two year,0.0,Established,138.30188679245282,1.0,Customer_Churn,,,,,,,,,,
C00191,46.0,51.0,466.0,One year,0.0,Established,9.914893617021276,0.0,Customer_Churn,,,,,,,,,,
C00192,43.0,31.0,7992.0,Month-to-month,0.0,Established,181.63636363636363,1.0,Customer_Churn,,,,,,,,,,
C00193,65.0,158.0,3712.0,One year,0.0,Loyal,56.24242424242424,0.0,Customer_Churn,,,,,,,,,,
C00194,71.0,138.0,6231.0,Month-to-month,0.0,Loyal,86.54166666666667,1.0,Customer_Churn,,,,,,,,,,
C00195,27.0,121.0,4317.0,One year,0.0,Growing,154.17857142857142,1.0,Customer_Churn,,,,,,,,,,
C00196,30.0,133.0,3029.0,Month-to-month,0.0,Growing,97.70967741935483,0.0,Customer_Churn,,,,,,,,,,
C00197,37.0,152.0,2750.0,One year,0.0,Established,72.36842105263158,0.0,Customer_Churn,,,,,,,,,,
C00198,37.0,34.0,6987.0,Month-to-month,0.0,Established,183.8684210526316,1.0,Customer_Churn,,,,,,,,,,
C00199,3.0,63.0,1535.0,Two year,0.0,New,383.75,0.0,Customer_Churn,,,,,,,,,,
C00200,42.0,143.0,7310.0,One year,0.0,Established,170.0,1.0,Customer_Churn,,,,,,,,,,
C00201,50.0,170.0,3185.0,Two year,0.0,Established,62.450980392156865,0.0,Customer_Churn,,,,,,,,,,
C00202,50.0,169.0,159.0,One year,0.0,Established,3.1176470588235294,0.0,Customer_Churn,,,,,,,,,,
C00203,29.0,189.0,5035.0,One year,0.0,Growing,167.83333333333334,1.0,Customer_Churn,,,,,,,,,,
C00204,15.0,55.0,5421.0,Two year,0.0,Growing,338.8125,1.0,Customer_Churn,,,,,,,,,,
C00205,69.0,40.0,3396.0,Month-to-month,0.0,Loyal,48.51428571428571,0.0,Customer_Churn,,,,,,,,,,
C00206,69.0,94.0,5765.0,Month-to-month,0.0,Loyal,82.35714285714286,1.0,Customer_Churn,,,,,,,,,,
C00207,57.0,32.0,4351.0,One year,0.0,Established,75.01724137931035,1.0,Customer_Churn,,,,,,,,,,
C00208,70.0,171.0,4801.0,Month-to-month,0.0,Loyal,67.61971830985915,1.0,Customer_Churn,,,,,,,,,,
C00209,46.0,199.0,4023.0,Month-to-month,0.0,Established,85.59574468085107,0.0,Customer_Churn,,,,,,,,,,
C00210,65.0,82.0,7742.0,Two year,0.0,Loyal,117.3030303030303,1.0,Customer_Churn,,,,,,,,,,
C00211,65.0,113.0,2956.0,Month-to-month,0.0,Loyal,44.78787878787879,0.0,Customer_Churn,,,,,,,,,,
C00212,51.0,160.0,4278.0,Two year,0.0,Established,82.26923076923077,1.0,Customer_Churn,,,,,,,,,,
C00213,44.0,59.0,1893.0,Month-to-month,0.0,Established,42.06666666666667,0.0,Customer_Churn,,,,,,,,,,
C00214,7.0,142.0,3099.0,Month-to-month,1.0,New,387.375,0.0,Customer_Churn,,,,,,,,,,
C00215,59.0,29.0,1393.0,One year,0.0,Established,23.216666666666665,0.0,Customer_Churn,,,,,,,,,,
C00216,8.0,102.0,2161.0,One year,0.0,New,240.11111111111111,0.0,Customer_Churn,,,,,,,,,,
C00217,10.0,152.0,5250.0,Month-to-month,1.0,New,477.27272727272725,1.0,Customer_Churn,,,,,,,,,,
C00218,67.0,182.0,6193.0,Two year,0.0,Loyal,91.07352941176471,1.0,Customer_Churn,,,,,,,,,,
C00219,45.0,177.0,3091.0,One year,0.0,Established,67.19565217391305,0.0,Customer_Churn,,,,,,,,,,
C00220,33.0,198.0,2226.0,Two year,0.0,Growing,65.47058823529412,0.0,Customer_Churn,,,,,,,,,,
C00221,57.0,118.0,5412.0,Two year,0.0,Established,93.3103448275862,1.0,Customer_Churn,,,,,,,,,,
C00222,67.0,37.0,1247.0,Month-to-month,0.0,Loyal,18.33823529411765,0.0,Customer_Churn,,,,,,,,,,
C00223,31.0,70.0,1256.0,Month-to-month,0.0,Growing,39.25,0.0,Customer_Churn,,,,,,,,,,
C00224,19.0,43.0,6118.0,One year,0.0,Growing,305.9,1.0,Customer_Churn,,,,,,,,,,
C00225,40.0,156.0,7024.0,One year,0.0,Established,171.3170731707317,1.0,Customer_Churn,,,,,,,,,,
C00226,24.0,142.0,7012.0,One year,0.0,Growing,280.48,1.0,Customer_Churn,,,,,,,,,,
C00227,57.0,123.0,5830.0,Month-to-month,0.0,Established,100.51724137931035,1.0,Customer_Churn,,,,,,,,,,
C00228,53.0,183.0,4023.0,Two year,0.0,Established,74.5,0.0,Customer_Churn,,,,,,,,,,
C00229,24.0,32.0,1635.0,One year,0.0,Growing,65.4,0.0,Customer_Churn,,,,,,,,,,
C00230,32.0,149.0,5477.0,Two year,0.0,Growing,165.96969696969697,1.0,Customer_Churn,,,,,,,,,,
C00231,33.0,99.0,3225.0,One year,0.0,Growing,94.8529411764706,0.0,Customer_Churn,,,,,,,,,,
C00232,20.0,151.0,2681.0,One year,0.0,Growing,127.66666666666667,0.0,Customer_Churn,,,,,,,,,,
C00233,12.0,52.0,7459.0,Two year,0.0,New,573.7692307692307,1.0,Customer_Churn,,,,,,,,,,
C00234,61.0,24.0,217.0,One year,0.0,Loyal,3.5,0.0,Customer_Churn,,,,,,,,,,
C00235,65.0,94.0,7183.0,One year,0.0,Loyal,108.83333333333333,1.0,Customer_Churn,,,,,,,,,,
C00236,13.0,115.0,6305.0,Two year,0.0,Growing,450.35714285714283,1.0,Customer_Churn,,,,,,,,,,
C00237,61.0,51.0,810.0,One year,0.0,Loyal,13.064516129032258,0.0,Customer_Churn,,,,,,,,,,
C00238,33.0,151.0,6705.0,Month-to-month,0.0,Growing,197.2058823529412,1.0,Customer_Churn,,,,,,,,,,
C00239,21.0,138.0,6404.0,Two year,0.0,Growing,291.09090909090907,1.0,Customer_Churn,,,,,,,,,,
C00240,56.0,108.0,6378.0,Two year,0.0,Established,111.89473684210526,1.0,Customer_Churn,,,,,,,,,,
C00241,69.0,121.0,7669.0,One year,0.0,Loyal,109.55714285714286,1.0,Customer_Churn,,,,,,,,,,
C00242,16.0,196.0,7704.0,Two year,0.0,Growing,453.1764705882353,1.0,Customer_Churn,,,,,,,,,,
C00243,28.0,33.0,1099.0,Two year,0.0,Growing,37.89655172413793,0.0,Customer_Churn,,,,,,,,,,
C00244,53.0,123.0,4561.0,One year,0.0,Established,84.46296296296296,1.0,Customer_Churn,,,,,,,,,,
C00245,23.0,104.0,2991.0,Two year,0.0,Growing,124.625,0.0,Customer_Churn,,,,,,,,,,
C00246,15.0,60.0,3032.0,Month-to-month,0.0,Growing,189.5,0.0,Customer_Churn,,,,,,,,,,
C00247,43.0,130.0,6856.0,One year,0.0,Established,155.8181818181818,1.0,Customer_Churn,,,,,,,,,,
C00248,60.0,48.0,4747.0,One year,0.0,Established,77.81967213114754,1.0,Customer_Churn,,,,,,,,,,
C00249,48.0,79.0,3083.0,One year,0.0,Established,62.91836734693877,0.0,Customer_Churn,,,,,,,,,,
C00250,58.0,90.0,3841.0,Two year,0.0,Established,65.10169491525424,0.0,Customer_Churn,,,,,,,,,,
C00251,24.0,48.0,1639.0,Month-to-month,0.0,Growing,65.56,0.0,Customer_Churn,,,,,,,,,,
C00252,9.0,138.0,515.0,Two year,1.0,New,51.5,0.0,Customer_Churn,,,,,,,,,,
C00253,55.0,71.0,1965.0,Two year,0.0,Established,35.089285714285715,0.0,Customer_Churn,,,,,,,,,,
C00254,26.0,182.0,3882.0,Month-to-month,0.0,Growing,143.77777777777777,0.0,Customer_Churn,,,,,,,,,,
C00255,31.0,88.0,4230.0,Two year,0.0,Growing,132.1875,1.0,Customer_Churn,,,,,,,,,,
C00256,29.0,178.0,7961.0,Two year,0.0,Growing,265.3666666666667,1.0,Customer_Churn,,,,,,,,,,
C00257,65.0,30.0,6769.0,Month-to-month,0.0,Loyal,102.56060606060606,1.0,Customer_Churn,,,,,,,,,,
C00258,50.0,120.0,1839.0,Two year,0.0,Established,36.05882352941177,0.0,Customer_Churn,,,,,,,,,,
C00259,54.0,191.0,6674.0,Two year,0.0,Established,121.34545454545454,1.0,Customer_Churn,,,,,,,,,,
C00260,31.0,85.0,1935.0,One year,0.0,Growing,60.46875,0.0,Customer_Churn,,,,,,,,,,
C00261,49.0,41.0,7108.0,Two year,0.0,Established,142.16,1.0,Customer_Churn,,,,,,,,,,
C00262,44.0,176.0,4069.0,Two year,0.0,Established,90.42222222222222,0.0,Customer_Churn,,,,,,,,,,
C00263,1.0,39.0,2429.0,Month-to-month,1.0,New,1214.5,0.0,Customer_Churn,,,,,,,,,,
C00264,71.0,156.0,812.0,One year,0.0,Loyal,11.277777777777779,0.0,Customer_Churn,,,,,,,,,,
C00265,34.0,172.0,1619.0,Two year,0.0,Growing,46.25714285714286,0.0,Customer_Churn,,,,,,,,,,
C00266,6.0,115.0,1677.0,Two year,0.0,New,239.57142857142858,0.0,Customer_Churn,,,,,,,,,,
C00267,29.0,92.0,1792.0,Month-to-month,0.0,Growing,59.733333333333334,0.0,Customer_Churn,,,,,,,,,,
C00268,69.0,177.0,2153.0,Two year,0.0,Loyal,30.757142857142856,0.0,Customer_Churn,,,,,,,,,,
C00269,19.0,63.0,1186.0,Two year,0.0,Growing,59.3,0.0,Customer_Churn,,,,,,,,,,
C00270,43.0,81.0,7187.0,Two year,0.0,Established,163.3409090909091,1.0,Customer_Churn,,,,,,,,,,
C00271,8.0,160.0,7182.0,Month-to-month,1.0,New,798.0,1.0,Customer_Churn,,,,,,,,,,
C00272,43.0,85.0,6192.0,One year,0.0,Established,140.72727272727272,1.0,Customer_Churn,,,,,,,,,,
C00273,29.0,64.0,6131.0,One year,0.0,Growing,204.36666666666667,1.0,Customer_Churn,,,,,,,,,,
C00274,67.0,142.0,1008.0,Month-to-month,0.0,Loyal,14.823529411764707,0.0,Customer_Churn,,,,,,,,,,
C00275,66.0,196.0,2989.0,Month-to-month,0.0,Loyal,44.61194029850746,0.0,Customer_Churn,,,,,,,,,,
C00276,49.0,94.0,4521.0,One year,0.0,Established,90.42,1.0,Customer_Churn,,,,,,,,,,
C00277,58.0,174.0,1493.0,Two year,0.0,Established,25.305084745762713,0.0,Customer_Churn,,,,,,,,,,
C00278,3.0,72.0,4282.0,One year,0.0,New,1070.5,1.0,Customer_Churn,,,,,,,,,,
C00279,66.0,128.0,7087.0,One year,0.0,Loyal,105.77611940298507,1.0,Customer_Churn,,,,,,,,,,
C00280,57.0,43.0,6209.0,Two year,0.0,Established,107.05172413793103,1.0,Customer_Churn,,,,,,,,,,
C00281,17.0,25.0,7759.0,Two year,0.0,Growing,431.05555555555554,1.0,Customer_Churn,,,,,,,,,,
C00282,18.0,158.0,7475.0,Two year,0.0,Growing,393.42105263157896,1.0,Customer_Churn,,,,,,,,,,
C00283,2.0,56.0,7493.0,Month-to-month,1.0,New,2497.6666666666665,1.0,Customer_Churn,,,,,,,,,,
C00284,13.0,94.0,261.0,Month-to-month,0.0,Growing,18.642857142857142,0.0,Customer_Churn,,,,,,,,,,
C00285,26.0,171.0,6538.0,Two year,0.0,Growing,242.14814814814815,1.0,Customer_Churn,,,,,,,,,,
C00286,48.0,80.0,6186.0,Month-to-month,0.0,Established,126.24489795918367,1.0,Customer_Churn,,,,,,,,,,
C00287,11.0,60.0,627.0,One year,0.0,New,52.25,0.0,Customer_Churn,,,,,,,,,,
C00288,42.0,83.0,1173.0,One year,0.0,Established,27.27906976744186,0.0,Customer_Churn,,,,,,,,,,
C00289,22.0,58.0,6472.0,One year,0.0,Growing,281.39130434782606,1.0,Customer_Churn,,,,,,,,,,
C00290,57.0,123.0,5518.0,One year,0.0,Established,95.13793103448276,1.0,Customer_Churn,,,,,,,,,,
C00291,63.0,177.0,5573.0,One year,0.0,Loyal,87.078125,1.0,Customer_Churn,,,,,,,,,,
C00292,65.0,59.0,6420.0,Two year,0.0,Loyal,97.27272727272727,1.0,Customer_Churn,,,,,,,,,,
C00293,13.0,140.0,727.0,One year,0.0,Growing,51.92857142857143,0.0,Customer_Churn,,,,,,,,,,
C00294,70.0,128.0,5423.0,Month-to-month,0.0,Loyal,76.38028169014085,1.0,Customer_Churn,,,,,,,,,,
C00295,6.0,59.0,6657.0,Two year,0.0,New,951.0,1.0,Customer_Churn,,,,,,,,,,
C00296,66.0,44.0,1995.0,One year,0.0,Loyal,29.776119402985074,0.0,Customer_Churn,,,,,,,,,,
C00297,15.0,163.0,4659.0,Month-to-month,0.0,Growing,291.1875,1.0,Customer_Churn,,,,,,,,,,
C00298,66.0,136.0,7139.0,Month-to-month,0.0,Loyal,106.55223880597015,1.0,Customer_Churn,,,,,,,,,,
C00299,47.0,193.0,5219.0,Two year,0.0,Established,108.72916666666667,1.0,Customer_Churn,,,,,,,,,,
C00300,26.0,93.0,3151.0,One year,0.0,Growing,116.70370370370371,0.0,Customer_Churn,,,,,,,,,,
C00301,14.0,176.0,5655.0,One year,0.0,Growing,377.0,1.0,Customer_Churn,,,,,,,,,,
C00302,65.0,84.0,1193.0,Month-to-month,0.0,Loyal,18.075757575757574,0.0,Customer_Churn,,,,,,,,,,
C00303,58.0,128.0,7204.0,Month-to-month,0.0,Established,122.10169491525424,1.0,Customer_Churn,,,,,,,,,,
C00304,21.0,179.0,840.0,One year,0.0,Growing,38.18181818181818,0.0,Customer_Churn,,,,,,,,,,
C00305,61.0,61.0,7474.0,Month-to-month,0.0,Loyal,120.54838709677419,1.0,Customer_Churn,,,,,,,,,,
C00306,11.0,88.0,7410.0,One year,0.0,New,617.5,1.0,Customer_Churn,,,,,,,,,,
C00307,20.0,107.0,2288.0,Two year,0.0,Growing,108.95238095238095,0.0,Customer_Churn,,,,,,,,,,
C00308,55.0,169.0,1513.0,Two year,0.0,Established,27.017857142857142,0.0,Customer_Churn,,,,,,,,,,
C00309,9.0,149.0,1431.0,Month-to-month,1.0,New,143.1,0.0,Customer_Churn,,,,,,,,,,
C00310,41.0,98.0,7631.0,One year,0.0,Established,181.6904761904762,1.0,Customer_Churn,,,,,,,,,,
C00311,58.0,72.0,6062.0,Month-to-month,0.0,Established,102.7457627118644,1.0,Customer_Churn,,,,,,,,,,
C00312,61.0,177.0,5838.0,Month-to-month,0.0,Loyal,94.16129032258064,1.0,Customer_Churn,,,,,,,,,,
C00313,32.0,100.0,7901.0,One year,0.0,Growing,239.42424242424244,1.0,Customer_Churn,,,,,,,,,,
C00314,46.0,192.0,169.0,Month-to-month,0.0,Established,3.595744680851064,0.0,Customer_Churn,,,,,,,,,,
C00315,28.0,185.0,4320.0,One year,0.0,Growing,148.9655172413793,1.0,Customer_Churn,,,,,,,,,,
C00316,39.0,166.0,805.0,One year,0.0,Established,20.125,0.0,Customer_Churn,,,,,,,,,,
C00317,61.0,99.0,6541.0,Month-to-month,0.0,Loyal,105.5,1.0,Customer_Churn,,,,,,,,,,
C00318,38.0,63.0,5531.0,Month-to-month,0.0,Established,141.82051282051282,1.0,Customer_Churn,,,,,,,,,,
C00319,34.0,90.0,7911.0,Month-to-month,0.0,Growing,226.02857142857144,1.0,Customer_Churn,,,,,,,,,,
C00320,43.0,63.0,4351.0,Two year,0.0,Established,98.88636363636364,1.0,Customer_Churn,,,,,,,,,,
C00321,25.0,156.0,3381.0,One year,0.0,Growing,130.03846153846155,0.0,Customer_Churn,,,,,,,,,,
C00322,52.0,60.0,2095.0,Two year,0.0,Established,39.528301886792455,0.0,Customer_Churn,,,,,,,,,,
C00323,18.0,147.0,2845.0,Month-to-month,0.0,Growing,149.73684210526315,0.0,Customer_Churn,,,,,,,,,,
C00324,9.0,55.0,4064.0,Month-to-month,1.0,New,406.4,0.0,Customer_Churn,,,,,,,,,,
C00325,57.0,80.0,177.0,One year,0.0,Established,3.0517241379310347,0.0,Customer_Churn,,,,,,,,,,
C00326,45.0,125.0,5533.0,One year,0.0,Established,120.28260869565217,1.0,Customer_Churn,,,,,,,,,,
C00327,51.0,98.0,6795.0,Two year,0.0,Established,130.67307692307693,1.0,Customer_Churn,,,,,,,,,,
C00328,57.0,115.0,7867.0,Month-to-month,0.0,Established,135.63793103448276,1.0,Customer_Churn,,,,,,,,,,
C00329,29.0,90.0,2039.0,One year,0.0,Growing,67.96666666666667,0.0,Customer_Churn,,,,,,,,,,
C00330,50.0,151.0,3525.0,One year,0.0,Established,69.11764705882354,0.0,Customer_Churn,,,,,,,,,,
C00331,25.0,180.0,6676.0,Two year,0.0,Growing,256.7692307692308,1.0,Customer_Churn,,,,,,,,,,
C00332,55.0,84.0,4026.0,Month-to-month,0.0,Established,71.89285714285714,0.0,Customer_Churn,,,,,,,,,,
C00333,31.0,40.0,7644.0,One year,0.0,Growing,238.875,1.0,Customer_Churn,,,,,,,,,,
C00334,11.0,185.0,7387.0,One year,0.0,New,615.5833333333334,1.0,Customer_Churn,,,,,,,,,,
C00335,43.0,70.0,1690.0,Month-to-month,0.0,Established,38.40909090909091,0.0,Customer_Churn,,,,,,,,,,
C00336,18.0,188.0,2878.0,Month-to-month,0.0,Growing,151.47368421052633,0.0,Customer_Churn,,,,,,,,,,
C00337,9.0,24.0,3090.0,Two year,0.0,New,309.0,0.0,Customer_Churn,,,,,,,,,,
C00338,6.0,161.0,458.0,Month-to-month,1.0,New,65.42857142857143,0.0,Customer_Churn,,,,,,,,,,
C00339,28.0,95.0,6110.0,One year,0.0,Growing,210.68965517241378,1.0,Customer_Churn,,,,,,,,,,
C00340,4.0,20.0,5182.0,Two year,0.0,New,1036.4,1.0,Customer_Churn,,,,,,,,,,
C00341,68.0,46.0,7768.0,Month-to-month,0.0,Loyal,112.57971014492753,1.0,Customer_Churn,,,,,,,,,,
C00342,58.0,142.0,1452.0,One year,0.0,Established,24.610169491525422,0.0,Customer_Churn,,,,,,,,,,
C00343,67.0,67.0,1052.0,Month-to-month,0.0,Loyal,15.470588235294118,0.0,Customer_Churn,,,,,,,,,,
C00344,32.0,80.0,2998.0,Two year,0.0,Growing,90.84848484848484,0.0,Customer_Churn,,,,,,,,,,
C00345,65.0,29.0,3138.0,One year,0.0,Loyal,47.54545454545455,0.0,Customer_Churn,,,,,,,,,,
C00346,10.0,89.0,6631.0,Month-to-month,1.0,New,602.8181818181819,1.0,Customer_Churn,,,,,,,,,,
C00347,65.0,178.0,4809.0,One year,0.0,Loyal,72.86363636363636,1.0,Customer_Churn,,,,,,,,,,
C00348,3.0,129.0,7607.0,Month-to-month,1.0,New,1901.75,1.0,Customer_Churn,,,,,,,,,,
C00349,32.0,138.0,714.0,One year,0.0,Growing,21.636363636363637,0.0,Customer_Churn,,,,,,,,,,
C00350,54.0,181.0,6354.0,Month-to-month,0.0,Established,115.52727272727273,1.0,Customer_Churn,,,,,,,,,,
C00351,57.0,187.0,774.0,One year,0.0,Established,13.344827586206897,0.0,Customer_Churn,,,,,,,,,,
C00352,34.0,38.0,7888.0,Month-to-month,0.0,Growing,225.37142857142857,1.0,Customer_Churn,,,,,,,,,,
C00353,6.0,137.0,4804.0,One year,1.0,New,686.2857142857143,1.0,Customer_Churn,,,,,,,,,,
C00354,7.0,54.0,1631.0,One year,0.0,New,203.875,0.0,Customer_Churn,,,,,,,,,,
C00355,39.0,170.0,4762.0,Month-to-month,0.0,Established,119.05,1.0,Customer_Churn,,,,,,,,,,
C00356,44.0,68.0,1931.0,Two year,0.0,Established,42.91111111111111,0.0,Customer_Churn,,,,,,,,,,
C00357,47.0,46.0,7361.0,One year,0.0,Established,153.35416666666666,1.0,Customer_Churn,,,,,,,,,,
C00358,66.0,184.0,1534.0,Month-to-month,0.0,Loyal,22.895522388059703,0.0,Customer_Churn,,,,,,,,,,
C00359,46.0,119.0,656.0,Month-to-month,0.0,Established,13.957446808510639,0.0,Customer_Churn,,,,,,,,,,
C00360,49.0,168.0,4471.0,Two year,0.0,Established,89.42,1.0,Customer_Churn,,,,,,,,,,
C00361,45.0,118.0,4416.0,Two year,0.0,Established,96.0,1.0,Customer_Churn,,,,,,,,,,
C00362,5.0,134.0,3651.0,One year,1.0,New,608.5,0.0,Customer_Churn,,,,,,,,,,
C00363,30.0,138.0,1585.0,One year,0.0,Growing,51.12903225806452,0.0,Customer_Churn,,,,,,,,,,
C00364,48.0,53.0,7371.0,Two year,0.0,Established,150.42857142857142,1.0,Customer_Churn,,,,,,,,,,
C00365,17.0,24.0,1389.0,One year,0.0,Growing,77.16666666666667,0.0,Customer_Churn,,,,,,,,,,
C00366,17.0,124.0,1196.0,Month-to-month,0.0,Growing,66.44444444444444,0.0,Customer_Churn,,,,,,,,,,
C00367,33.0,101.0,2979.0,Two year,0.0,Growing,87.61764705882354,0.0,Customer_Churn,,,,,,,,,,
C00368,10.0,81.0,5158.0,One year,0.0,New,468.90909090909093,1.0,Customer_Churn,,,,,,,,,,
C00369,37.0,58.0,5083.0,Month-to-month,0.0,Established,133.76315789473685,1.0,Customer_Churn,,,,,,,,,,
C00370,32.0,148.0,2526.0,Two year,0.0,Growing,76.54545454545455,0.0,Customer_Churn,,,,,,,,,,
C00371,20.0,49.0,5058.0,One year,0.0,Growing,240.85714285714286,1.0,Customer_Churn,,,,,,,,,,
C00372,14.0,27.0,2388.0,Two year,0.0,Growing,159.2,0.0,Customer_Churn,,,,,,,,,,
C00373,57.0,126.0,1514.0,Month-to-month,0.0,Established,26.103448275862068,0.0,Customer_Churn,,,,,,,,,,
C00374,40.0,130.0,5612.0,One year,0.0,Established,136.8780487804878,1.0,Customer_Churn,,,,,,,,,,
C00375,29.0,20.0,4628.0,One year,0.0,Growing,154.26666666666668,1.0,Customer_Churn,,,,,,,,,,
C00376,33.0,196.0,2107.0,One year,0.0,Growing,61.970588235294116,0.0,Customer_Churn,,,,,,,,,,
C00377,36.0,192.0,3483.0,One year,0.0,Growing,94.13513513513513,0.0,Customer_Churn,,,,,,,,,,
C00378,31.0,181.0,4712.0,Two year,0.0,Growing,147.25,1.0,Customer_Churn,,,,,,,,,,
C00379,41.0,76.0,4187.0,Two year,0.0,Established,99.69047619047619,1.0,Customer_Churn,,,,,,,,,,
C00380,21.0,180.0,3061.0,One year,0.0,Growing,139.13636363636363,0.0,Customer_Churn,,,,,,,,,,
C00381,68.0,67.0,2144.0,Two year,0.0,Loyal,31.07246376811594,0.0,Customer_Churn,,,,,,,,,,
C00382,67.0,64.0,5558.0,One year,0.0,Loyal,81.73529411764706,1.0,Customer_Churn,,,,,,,,,,
C00383,24.0,185.0,1550.0,Two year,0.0,Growing,62.0,0.0,Customer_Churn,,,,,,,,,,
C00384,47.0,187.0,4343.0,One year,0.0,Established,90.47916666666667,1.0,Customer_Churn,,,,,,,,,,
C00385,1.0,188.0,7165.0,Month-to-month,1.0,New,3582.5,1.0,Customer_Churn,,,,,,,,,,
C00386,25.0,90.0,1649.0,Month-to-month,0.0,Growing,63.42307692307692,0.0,Customer_Churn,,,,,,,,,,
C00387,70.0,168.0,2375.0,One year,0.0,Loyal,33.45070422535211,0.0,Customer_Churn,,,,,,,,,,
C00388,42.0,156.0,2302.0,Two year,0.0,Established,53.53488372093023,0.0,Customer_Churn,,,,,,,,,,
C00389,42.0,126.0,5532.0,Month-to-month,0.0,Established,128.65116279069767,1.0,Customer_Churn,,,,,,,,,,
C00390,4.0,105.0,2534.0,Month-to-month,1.0,New,506.8,0.0,Customer_Churn,,,,,,,,,,
C00391,3.0,79.0,1299.0,One year,0.0,New,324.75,0.0,Customer_Churn,,,,,,,,,,
C00392,56.0,147.0,253.0,Month-to-month,0.0,Established,4.43859649122807,0.0,Customer_Churn,,,,,,,,,,
C00393,6.0,63.0,2156.0,Month-to-month,1.0,New,308.0,0.0,Customer_Churn,,,,,,,,,,
C00394,22.0,65.0,1947.0,Month-to-month,0.0,Growing,84.65217391304348,0.0,Customer_Churn,,,,,,,,,,
C00395,61.0,116.0,6302.0,One year,0.0,Loyal,101.64516129032258,1.0,Customer_Churn,,,,,,,,,,
C00396,57.0,134.0,2241.0,Month-to-month,0.0,Established,38.63793103448276,0.0,Customer_Churn,,,,,,,,,,
C00397,5.0,39.0,3370.0,Month-to-month,1.0,New,561.6666666666666,0.0,Customer_Churn,,,,,,,,,,
C00398,59.0,95.0,7232.0,Two year,0.0,Established,120.53333333333333,1.0,Customer_Churn,,,,,,,,,,
C00399,62.0,159.0,446.0,One year,0.0,Loyal,7.079365079365079,0.0,Customer_Churn,,,,,,,,,,
C00400,53.0,27.0,4429.0,Two year,0.0,Established,82.01851851851852,1.0,Customer_Churn,,,,,,,,,,
C00401,6.0,198.0,6427.0,Month-to-month,1.0,New,918.1428571428571,1.0,Customer_Churn,,,,,,,,,,
C00402,45.0,199.0,7564.0,Month-to-month,0.0,Established,164.43478260869566,1.0,Customer_Churn,,,,,,,,,,
C00403,69.0,115.0,4730.0,One year,0.0,Loyal,67.57142857142857,1.0,Customer_Churn,,,,,,,,,,
C00404,20.0,37.0,4631.0,Month-to-month,0.0,Growing,220.52380952380952,1.0,Customer_Churn,,,,,,,,,,
C00405,25.0,184.0,7662.0,Month-to-month,0.0,Growing,294.6923076923077,1.0,Customer_Churn,,,,,,,,,,
C00406,45.0,104.0,2541.0,Month-to-month,0.0,Established,55.23913043478261,0.0,Customer_Churn,,,,,,,,,,
C00407,3.0,75.0,3048.0,One year,0.0,New,762.0,0.0,Customer_Churn,,,,,,,,,,
C00408,5.0,44.0,7840.0,One year,0.0,New,1306.6666666666667,1.0,Customer_Churn,,,,,,,,,,
C00409,48.0,46.0,6056.0,Month-to-month,0.0,Established,123.59183673469387,1.0,Customer_Churn,,,,,,,,,,
C00410,48.0,149.0,7690.0,Month-to-month,0.0,Established,156.9387755102041,1.0,Customer_Churn,,,,,,,,,,
C00411,23.0,134.0,4413.0,One year,0.0,Growing,183.875,1.0,Customer_Churn,,,,,,,,,,
C00412,48.0,95.0,1168.0,One year,0.0,Established,23.836734693877553,0.0,Customer_Churn,,,,,,,,,,
C00413,64.0,131.0,3127.0,Two year,0.0,Loyal,48.10769230769231,0.0,Customer_Churn,,,,,,,,,,
C00414,2.0,158.0,3460.0,Two year,0.0,New,1153.3333333333333,0.0,Customer_Churn,,,,,,,,,,
C00415,48.0,87.0,6197.0,One year,0.0,Established,126.46938775510205,1.0,Customer_Churn,,,,,,,,,,
C00416,48.0,151.0,530.0,Two year,0.0,Established,10.816326530612244,0.0,Customer_Churn,,,,,,,,,,
C00417,51.0,83.0,7409.0,Two year,0.0,Established,142.48076923076923,1.0,Customer_Churn,,,,,,,,,,
C00418,59.0,183.0,4605.0,One year,0.0,Established,76.75,1.0,Customer_Churn,,,,,,,,,,
C00419,35.0,113.0,6754.0,Month-to-month,0.0,Growing,187.61111111111111,1.0,Customer_Churn,,,,,,,,,,
C00420,18.0,53.0,6260.0,Month-to-month,0.0,Growing,329.4736842105263,1.0,Customer_Churn,,,,,,,,,,
C00421,39.0,146.0,3886.0,One year,0.0,Established,97.15,0.0,Customer_Churn,,,,,,,,,,
C00422,14.0,158.0,1718.0,One year,0.0,Growing,114.53333333333333,0.0,Customer_Churn,,,,,,,,,,
C00423,5.0,172.0,2066.0,One year,0.0,New,344.3333333333333,0.0,Customer_Churn,,,,,,,,,,
C00424,5.0,93.0,3720.0,Month-to-month,1.0,New,620.0,0.0,Customer_Churn,,,,,,,,,,
C00425,52.0,47.0,7270.0,Two year,0.0,Established,137.16981132075472,1.0,Customer_Churn,,,,,,,,,,
C00426,54.0,61.0,1714.0,Month-to-month,0.0,Established,31.163636363636364,0.0,Customer_Churn,,,,,,,,,,
C00427,34.0,191.0,4220.0,One year,0.0,Growing,120.57142857142857,1.0,Customer_Churn,,,,,,,,,,
C00428,3.0,178.0,1423.0,Month-to-month,1.0,New,355.75,0.0,Customer_Churn,,,,,,,,,,
C00429,36.0,169.0,7102.0,One year,0.0,Growing,191.94594594594594,1.0,Customer_Churn,,,,,,,,,,
C00430,10.0,21.0,4968.0,One year,0.0,New,451.6363636363636,1.0,Customer_Churn,,,,,,,,,,
C00431,70.0,156.0,2011.0,Two year,0.0,Loyal,28.323943661971832,0.0,Customer_Churn,,,,,,,,,,
C00432,62.0,116.0,2103.0,One year,0.0,Loyal,33.38095238095238,0.0,Customer_Churn,,,,,,,,,,
C00433,14.0,162.0,325.0,Two year,0.0,Growing,21.666666666666668,0.0,Customer_Churn,,,,,,,,,,
C00434,67.0,21.0,5850.0,Two year,0.0,Loyal,86.02941176470588,1.0,Customer_Churn,,,,,,,,,,
C00435,8.0,152.0,499.0,Month-to-month,1.0,New,55.44444444444444,0.0,Customer_Churn,,,,,,,,,,
C00436,29.0,151.0,1329.0,Month-to-month,0.0,Growing,44.3,0.0,Customer_Churn,,,,,,,,,,
C00437,30.0,100.0,3098.0,Month-to-month,0.0,Growing,99.93548387096774,0.0,Customer_Churn,,,,,,,,,,
C00438,68.0,93.0,3075.0,Month-to-month,0.0,Loyal,44.56521739130435,0.0,Customer_Churn,,,,,,,,,,
C00439,46.0,76.0,5865.0,One year,0.0,Established,124.7872340425532,1.0,Customer_Churn,,,,,,,,,,
C00440,60.0,47.0,6373.0,Month-to-month,0.0,Established,104.47540983606558,1.0,Customer_Churn,,,,,,,,,,
C00441,61.0,26.0,3471.0,One year,0.0,Loyal,55.983870967741936,0.0,Customer_Churn,,,,,,,,,,
C00442,52.0,70.0,5784.0,Two year,0.0,Established,109.13207547169812,1.0,Customer_Churn,,,,,,,,,,
C00443,29.0,85.0,5965.0,Two year,0.0,Growing,198.83333333333334,1.0,Customer_Churn,,,,,,,,,,
C00444,59.0,126.0,6287.0,One year,0.0,Established,104.78333333333333,1.0,Customer_Churn,,,,,,,,,,
C00445,58.0,150.0,5290.0,One year,0.0,Established,89.66101694915254,1.0,Customer_Churn,,,,,,,,,,
C00446,8.0,168.0,7608.0,Two year,0.0,New,845.3333333333334,1.0,Customer_Churn,,,,,,,,,,
C00447,13.0,190.0,6568.0,Month-to-month,0.0,Growing,469.14285714285717,1.0,Customer_Churn,,,,,,,,,,
C00448,50.0,190.0,6770.0,Month-to-month,0.0,Established,132.7450980392157,1.0,Customer_Churn,,,,,,,,,,
C00449,59.0,165.0,7758.0,One year,0.0,Established,129.3,1.0,Customer_Churn,,,,,,,,,,
C00450,15.0,113.0,6537.0,Two year,0.0,Growing,408.5625,1.0,Customer_Churn,,,,,,,,,,
C00451,64.0,57.0,5241.0,One year,0.0,Loyal,80.63076923076923,1.0,Customer_Churn,,,,,,,,,,
C00452,19.0,192.0,2908.0,One year,0.0,Growing,145.4,0.0,Customer_Churn,,,,,,,,,,
C00453,36.0,67.0,4566.0,Month-to-month,0.0,Growing,123.4054054054054,1.0,Customer_Churn,,,,,,,,,,
C00454,68.0,24.0,3316.0,One year,0.0,Loyal,48.05797101449275,0.0,Customer_Churn,,,,,,,,,,
C00455,10.0,34.0,5589.0,Month-to-month,1.0,New,508.09090909090907,1.0,Customer_Churn,,,,,,,,,,
C00456,1.0,30.0,6242.0,Two year,0.0,New,3121.0,1.0,Customer_Churn,,,,,,,,,,
C00457,31.0,160.0,5208.0,One year,0.0,Growing,162.75,1.0,Customer_Churn,,,,,,,,,,
C00458,1.0,186.0,622.0,Two year,1.0,New,311.0,0.0,Customer_Churn,,,,,,,,,,
C00459,53.0,102.0,7501.0,Month-to-month,0.0,Established,138.90740740740742,1.0,Customer_Churn,,,,,,,,,,
C00460,28.0,187.0,3207.0,One year,0.0,Growing,110.58620689655173,0.0,Customer_Churn,,,,,,,,,,
C00461,49.0,80.0,3534.0,Month-to-month,0.0,Established,70.68,0.0,Customer_Churn,,,,,,,,,,
C00462,40.0,158.0,4093.0,One year,0.0,Established,99.82926829268293,0.0,Customer_Churn,,,,,,,,,,
C00463,56.0,143.0,6530.0,One year,0.0,Established,114.56140350877193,1.0,Customer_Churn,,,,,,,,,,
C00464,10.0,168.0,5667.0,One year,1.0,New,515.1818181818181,1.0,Customer_Churn,,,,,,,,,,
C00465,63.0,125.0,6204.0,Month-to-month,0.0,Loyal,96.9375,1.0,Customer_Churn,,,,,,,,,,
C00466,38.0,59.0,3970.0,One year,0.0,Established,101.7948717948718,0.0,Customer_Churn,,,,,,,,,,
C00467,46.0,37.0,5635.0,Two year,0.0,Established,119.8936170212766,1.0,Customer_Churn,,,,,,,,,,
C00468,23.0,23.0,4012.0,One year,0.0,Growing,167.16666666666666,0.0,Customer_Churn,,,,,,,,,,
C00469,53.0,146.0,6760.0,One year,0.0,Established,125.18518518518519,1.0,Customer_Churn,,,,,,,,,,
C00470,6.0,115.0,4534.0,Month-to-month,1.0,New,647.7142857142857,1.0,Customer_Churn,,,,,,,,,,
C00471,2.0,194.0,5397.0,Month-to-month,1.0,New,1799.0,1.0,Customer_Churn,,,,,,,,,,
C00472,52.0,55.0,2628.0,Month-to-month,0.0,Established,49.58490566037736,0.0,Customer_Churn,,,,,,,,,,
C00473,45.0,187.0,1946.0,One year,0.0,Established,42.30434782608695,0.0,Customer_Churn,,,,,,,,,,
C00474,13.0,106.0,5999.0,Two year,0.0,Growing,428.5,1.0,Customer_Churn,,,,,,,,,,
C00475,19.0,82.0,7583.0,Month-to-month,0.0,Growing,379.15,1.0,Customer_Churn,,,,,,,,,,
C00476,44.0,24.0,6003.0,Two year,0.0,Established,133.4,1.0,Customer_Churn,,,,,,,,,,
C00477,14.0,131.0,903.0,Two year,0.0,Growing,60.2,0.0,Customer_Churn,,,,,,,,,,
C00478,29.0,117.0,3187.0,Two year,0.0,Growing,106.23333333333333,0.0,Customer_Churn,,,,,,,,,,
C00479,32.0,59.0,4807.0,Month-to-month,0.0,Growing,145.66666666666666,1.0,Customer_Churn,,,,,,,,,,
C00480,11.0,160.0,4666.0,Two year,1.0,New,388.8333333333333,1.0,Customer_Churn,,,,,,,,,,
C00481,69.0,58.0,3105.0,One year,0.0,Loyal,44.357142857142854,0.0,Customer_Churn,,,,,,,,,,
C00482,32.0,199.0,5789.0,Month-to-month,0.0,Growing,175.42424242424244,1.0,Customer_Churn,,,,,,,,,,
C00483,13.0,189.0,6302.0,Two year,0.0,Growing,450.14285714285717,1.0,Customer_Churn,,,,,,,,,,
C00484,27.0,147.0,7103.0,Two year,0.0,Growing,253.67857142857142,1.0,Customer_Churn,,,,,,,,,,
C00485,50.0,74.0,7599.0,Month-to-month,0.0,Established,149.0,1.0,Customer_Churn,,,,,,,,,,
C00486,66.0,67.0,6774.0,Month-to-month,0.0,Loyal,101.1044776119403,1.0,Customer_Churn,,,,,,,,,,
C00487,57.0,165.0,5425.0,Month-to-month,0.0,Established,93.53448275862068,1.0,Customer_Churn,,,,,,,,,,
C00488,9.0,72.0,2417.0,Month-to-month,1.0,New,241.7,0.0,Customer_Churn,,,,,,,,,,
C00489,66.0,156.0,677.0,Month-to-month,0.0,Loyal,10.104477611940299,0.0,Customer_Churn,,,,,,,,,,
C00490,56.0,52.0,4061.0,One year,0.0,Established,71.24561403508773,0.0,Customer_Churn,,,,,,,,,,
C00491,44.0,30.0,4695.0,One year,0.0,Established,104.33333333333333,1.0,Customer_Churn,,,,,,,,,,
C00492,54.0,123.0,7652.0,Month-to-month,0.0,Established,139.12727272727273,1.0,Customer_Churn,,,,,,,,,,
C00493,2.0,114.0,5468.0,One year,0.0,New,1822.6666666666667,1.0,Customer_Churn,,,,,,,,,,
C00494,68.0,128.0,2102.0,Month-to-month,0.0,Loyal,30.463768115942027,0.0,Customer_Churn,,,,,,,,,,
C00495,22.0,164.0,2339.0,One year,0.0,Growing,101.69565217391305,0.0,Customer_Churn,,,,,,,,,,
C00496,50.0,128.0,6970.0,Month-to-month,0.0,Established,136.66666666666666,1.0,Customer_Churn,,,,,,,,,,
C00497,2.0,49.0,5917.0,Two year,0.0,New,1972.3333333333333,1.0,Customer_Churn,,,,,,,,,,
C00498,46.0,198.0,2158.0,Month-to-month,0.0,Established,45.91489361702128,0.0,Customer_Churn,,,,,,,,,,
C00499,1.0,185.0,5755.0,Two year,1.0,New,2877.5,1.0,Customer_Churn,,,,,,,,,,
C00500,27.0,181.0,4292.0,Month-to-month,0.0,Growing,153.28571428571428,1.0,Customer_Churn,,,,,,,,,,
,,,,,,,,,Sales_Data,2024-01-01,Phone,7.0,37300.0,CUST001,East,261100.0,1.0,37300.0,1.0
,,,,,,,,,Sales_Data,2024-01-02,Headphones,4.0,15406.0,CUST002,North,61624.0,1.0,15406.0,0.0
,,,,,,,,,Sales_Data,2024-01-03,Phone,2.0,21746.0,CUST003,West,43492.0,1.0,21746.0,0.0
,,,,,,,,,Sales_Data,2024-01-04,Headphones,1.0,30895.0,CUST004,East,30895.0,1.0,30895.0,0.0
,,,,,,,,,Sales_Data,2024-01-05,Laptop,8.0,39835.0,CUST005,North,318680.0,1.0,39835.0,1.0
,,,,,,,,,Sales_Data,2024-01-06,Laptop,7.0,40420.0,CUST006,South,282940.0,1.0,40420.0,1.0
,,,,,,,,,Sales_Data,2024-01-07,Laptop,9.0,40430.0,CUST007,South,363870.0,1.0,40430.0,1.0
,,,,,,,,,Sales_Data,2024-01-08,Laptop,7.0,7262.0,CUST008,West,50834.0,1.0,7262.0,0.0
,,,,,,,,,Sales_Data,2024-01-09,Tablet,3.0,32791.0,CUST009,North,98373.0,1.0,32791.0,1.0
,,,,,,,,,Sales_Data,2024-01-10,Laptop,4.0,45023.0,CUST010,West,180092.0,1.0,45023.0,1.0
,,,,,,,,,Sales_Data,2024-01-11,Monitor,8.0,6160.0,CUST011,West,49280.0,1.0,6160.0,0.0
,,,,,,,,,Sales_Data,2024-01-12,Phone,2.0,13233.0,CUST012,West,26466.0,1.0,13233.0,0.0
,,,,,,,,,Sales_Data,2024-01-13,Phone,8.0,20655.0,CUST013,East,165240.0,1.0,20655.0,1.0
,,,,,,,,,Sales_Data,2024-01-14,Headphones,4.0,4195.0,CUST014,East,16780.0,1.0,4195.0,0.0
,,,,,,,,,Sales_Data,2024-01-15,Headphones,2.0,34447.0,CUST015,West,68894.0,1.0,34447.0,0.0
,,,,,,,,,Sales_Data,2024-01-16,Phone,9.0,41548.0,CUST016,South,373932.0,1.0,41548.0,1.0
,,,,,,,,,Sales_Data,2024-01-17,Phone,5.0,13488.0,CUST017,South,67440.0,1.0,13488.0,0.0
,,,,,,,,,Sales_Data,2024-01-18,Tablet,4.0,19322.0,CUST018,North,77288.0,1.0,19322.0,0.0
,,,,,,,,,Sales_Data,2024-01-19,Tablet,1.0,44045.0,CUST019,West,44045.0,1.0,44045.0,0.0
,,,,,,,,,Sales_Data,2024-01-20,Laptop,8.0,41749.0,CUST020,North,333992.0,1.0,41749.0,1.0
,,,,,,,,,Sales_Data,2024-01-21,Laptop,3.0,36518.0,CUST021,East,109554.0,1.0,36518.0,1.0
,,,,,,,,,Sales_Data,2024-01-22,Tablet,2.0,6713.0,CUST022,West,13426.0,1.0,6713.0,0.0
,,,,,,,,,Sales_Data,2024-01-23,Laptop,9.0,29275.0,CUST023,North,263475.0,1.0,29275.0,1.0
,,,,,,,,,Sales_Data,2024-01-24,Headphones,1.0,17838.0,CUST024,West,17838.0,1.0,17838.0,0.0
,,,,,,,,,Sales_Data,2024-01-25,Monitor,2.0,9191.0,CUST025,West,18382.0,1.0,9191.0,0.0
,,,,,,,,,Sales_Data,2024-01-26,Laptop,3.0,25948.0,CUST026,North,77844.0,1.0,25948.0,0.0
,,,,,,,,,Sales_Data,2024-01-27,Tablet,1.0,38298.0,CUST027,North,38298.0,1.0,38298.0,0.0
,,,,,,,,,Sales_Data,2024-01-28,Tablet,7.0,43495.0,CUST028,North,304465.0,1.0,43495.0,1.0
,,,,,,,,,Sales_Data,2024-01-29,Headphones,1.0,45467.0,CUST029,North,45467.0,1.0,45467.0,0.0
,,,,,,,,,Sales_Data,2024-01-30,Tablet,9.0,11902.0,CUST030,North,107118.0,1.0,11902.0,1.0
,,,,,,,,,Sales_Data,2024-01-31,Tablet,6.0,34900.0,CUST031,East,209400.0,1.0,34900.0,1.0
,,,,,,,,,Sales_Data,2024-02-01,Phone,4.0,16997.0,CUST032,South,67988.0,2.0,16997.0,0.0
,,,,,,,,,Sales_Data,2024-02-02,Tablet,3.0,20696.0,CUST033,South,62088.0,2.0,20696.0,0.0
,,,,,,,,,Sales_Data,2024-02-03,Tablet,2.0,48602.0,CUST034,East,97204.0,2.0,48602.0,0.0
,,,,,,,,,Sales_Data,2024-02-04,Tablet,6.0,4339.0,CUST035,South,26034.0,2.0,4339.0,0.0
,,,,,,,,,Sales_Data,2024-02-05,Tablet,4.0,45515.0,CUST036,East,182060.0,2.0,45515.0,1.0
,,,,,,,,,Sales_Data,2024-02-06,Phone,5.0,40177.0,CUST037,North,200885.0,2.0,40177.0,1.0
,,,,,,,,,Sales_Data,2024-02-07,Monitor,8.0,19256.0,CUST038,East,154048.0,2.0,19256.0,1.0
,,,,,,,,,Sales_Data,2024-02-08,Monitor,1.0,39924.0,CUST039,South,39924.0,2.0,39924.0,0.0
,,,,,,,,,Sales_Data,2024-02-09,Phone,4.0,11494.0,CUST040,South,45976.0,2.0,11494.0,0.0
,,,,,,,,,Sales_Data,2024-02-10,Monitor,1.0,20083.0,CUST041,West,20083.0,2.0,20083.0,0.0
,,,,,,,,,Sales_Data,2024-02-11,Phone,1.0,18616.0,CUST042,West,18616.0,2.0,18616.0,0.0
,,,,,,,,,Sales_Data,2024-02-12,Tablet,6.0,43350.0,CUST043,West,260100.0,2.0,43350.0,1.0
,,,,,,,,,Sales_Data,2024-02-13,Monitor,4.0,43428.0,CUST044,West,173712.0,2.0,43428.0,1.0
,,,,,,,,,Sales_Data,2024-02-14,Phone,2.0,40244.0,CUST045,East,80488.0,2.0,40244.0,0.0
,,,,,,,,,Sales_Data,2024-02-15,Tablet,2.0,11032.0,CUST046,West,22064.0,2.0,11032.0,0.0
,,,,,,,,,Sales_Data,2024-02-16,Phone,6.0,29499.0,CUST047,North,176994.0,2.0,29499.0,1.0
,,,,,,,,,Sales_Data,2024-02-17,Monitor,1.0,6720.0,CUST048,West,6720.0,2.0,6720.0,0.0
,,,,,,,,,Sales_Data,2024-02-18,Laptop,1.0,32297.0,CUST049,South,32297.0,2.0,32297.0,0.0
,,,,,,,,,Sales_Data,2024-02-19,Laptop,4.0,43848.0,CUST050,West,175392.0,2.0,43848.0,1.0
,,,,,,,,,Sales_Data,2024-02-20,Phone,9.0,15160.0,CUST051,West,136440.0,2.0,15160.0,1.0
,,,,,,,,,Sales_Data,2024-02-21,Headphones,1.0,32524.0,CUST052,West,32524.0,2.0,32524.0,0.0
,,,,,,,,,Sales_Data,2024-02-22,Monitor,6.0,24160.0,CUST053,North,144960.0,2.0,24160.0,1.0
,,,,,,,,,Sales_Data,2024-02-23,Tablet,5.0,1308.0,CUST054,North,6540.0,2.0,1308.0,0.0
,,,,,,,,,Sales_Data,2024-02-24,Tablet,7.0,4341.0,CUST055,South,30387.0,2.0,4341.0,0.0
,,,,,,,,,Sales_Data,2024-02-25,Phone,3.0,37135.0,CUST056,North,111405.0,2.0,37135.0,1.0
,,,,,,,,,Sales_Data,2024-02-26,Monitor,6.0,37055.0,CUST057,East,222330.0,2.0,37055.0,1.0
,,,,,,,,,Sales_Data,2024-02-27,Monitor,2.0,5272.0,CUST058,East,10544.0,2.0,5272.0,0.0
,,,,,,,,,Sales_Data,2024-02-28,Laptop,5.0,15475.0,CUST059,South,77375.0,2.0,15475.0,0.0
,,,,,,,,,Sales_Data,2024-02-29,Headphones,3.0,13624.0,CUST060,South,40872.0,2.0,13624.0,0.0
,,,,,,,,,Sales_Data,2024-03-01,Tablet,5.0,29840.0,CUST061,North,149200.0,3.0,29840.0,1.0
,,,,,,,,,Sales_Data,2024-03-02,Laptop,8.0,19661.0,CUST062,South,157288.0,3.0,19661.0,1.0
,,,,,,,,,Sales_Data,2024-03-03,Monitor,9.0,24224.0,CUST063,East,218016.0,3.0,24224.0,1.0
,,,,,,,,,Sales_Data,2024-03-04,Laptop,5.0,17924.0,CUST064,West,89620.0,3.0,17924.0,0.0
,,,,,,,,,Sales_Data,2024-03-05,Phone,7.0,44652.0,CUST065,South,312564.0,3.0,44652.0,1.0
,,,,,,,,,Sales_Data,2024-03-06,Laptop,8.0,14381.0,CUST066,North,115048.0,3.0,14381.0,1.0
,,,,,,,,,Sales_Data,2024-03-07,Headphones,2.0,44487.0,CUST067,East,88974.0,3.0,44487.0,0.0
,,,,,,,,,Sales_Data,2024-03-08,Laptop,3.0,34303.0,CUST068,North,102909.0,3.0,34303.0,1.0
,,,,,,,,,Sales_Data,2024-03-09,Tablet,3.0,23229.0,CUST069,North,69687.0,3.0,23229.0,0.0
,,,,,,,,,Sales_Data,2024-03-10,Laptop,9.0,35418.0,CUST070,South,318762.0,3.0,35418.0,1.0
,,,,,,,,,Sales_Data,2024-03-11,Phone,4.0,34843.0,CUST071,West,139372.0,3.0,34843.0,1.0
,,,,,,,,,Sales_Data,2024-03-12,Headphones,8.0,18964.0,CUST072,East,151712.0,3.0,18964.0,1.0
,,,,,,,,,Sales_Data,2024-03-13,Headphones,7.0,49930.0,CUST073,West,349510.0,3.0,49930.0,1.0
,,,,,,,,,Sales_Data,2024-03-14,Tablet,4.0,17512.0,CUST074,South,70048.0,3.0,17512.0,0.0
,,,,,,,,,Sales_Data,2024-03-15,Monitor,6.0,23381.0,CUST075,North,140286.0,3.0,23381.0,1.0
,,,,,,,,,Sales_Data,2024-03-16,Phone,5.0,16596.0,CUST076,South,82980.0,3.0,16596.0,0.0
,,,,,,,,,Sales_Data,2024-03-17,Laptop,7.0,2603.0,CUST077,South,18221.0,3.0,2603.0,0.0
,,,,,,,,,Sales_Data,2024-03-18,Tablet,9.0,26110.0,CUST078,East,234990.0,3.0,26110.0,1.0
,,,,,,,,,Sales_Data,2024-03-19,Tablet,9.0,19425.0,CUST079,North,174825.0,3.0,19425.0,1.0
,,,,,,,,,Sales_Data,2024-03-20,Phone,4.0,49101.0,CUST080,South,196404.0,3.0,49101.0,1.0
,,,,,,,,,Sales_Data,2024-03-21,Laptop,4.0,28098.0,CUST081,East,112392.0,3.0,28098.0,1.0
,,,,,,,,,Sales_Data,2024-03-22,Headphones,2.0,48769.0,CUST082,South,97538.0,3.0,48769.0,0.0
,,,,,,,,,Sales_Data,2024-03-23,Laptop,8.0,43861.0,CUST083,North,350888.0,3.0,43861.0,1.0
,,,,,,,,,Sales_Data,2024-03-24,Phone,8.0,40518.0,CUST084,South,324144.0,3.0,40518.0,1.0
,,,,,,,,,Sales_Data,2024-03-25,Laptop,3.0,7455.0,CUST085,South,22365.0,3.0,7455.0,0.0
,,,,,,,,,Sales_Data,2024-03-26,Monitor,7.0,11591.0,CUST086,North,81137.0,3.0,11591.0,0.0
,,,,,,,,,Sales_Data,2024-03-27,Tablet,4.0,3839.0,CUST087,West,15356.0,3.0,3839.0,0.0
,,,,,,,,,Sales_Data,2024-03-28,Phone,6.0,4578.0,CUST088,West,27468.0,3.0,4578.0,0.0
,,,,,,,,,Sales_Data,2024-03-29,Laptop,6.0,38037.0,CUST089,North,228222.0,3.0,38037.0,1.0
,,,,,,,,,Sales_Data,2024-03-30,Monitor,4.0,9483.0,CUST090,East,37932.0,3.0,9483.0,0.0
,,,,,,,,,Sales_Data,2024-03-31,Laptop,1.0,7148.0,CUST091,North,7148.0,3.0,7148.0,0.0
,,,,,,,,,Sales_Data,2024-04-01,Tablet,5.0,30531.0,CUST092,South,152655.0,4.0,30531.0,1.0
,,,,,,,,,Sales_Data,2024-04-02,Headphones,6.0,42813.0,CUST093,South,256878.0,4.0,42813.0,1.0
,,,,,,,,,Sales_Data,2024-04-03,Laptop,6.0,16667.0,CUST094,South,100002.0,4.0,16667.0,1.0
,,,,,,,,,Sales_Data,2024-04-04,Tablet,7.0,19507.0,CUST095,West,136549.0,4.0,19507.0,1.0
,,,,,,,,,Sales_Data,2024-04-05,Tablet,8.0,20770.0,CUST096,North,166160.0,4.0,20770.0,1.0
,,,,,,,,,Sales_Data,2024-04-06,Headphones,1.0,7647.0,CUST097,West,7647.0,4.0,7647.0,0.0
,,,,,,,,,Sales_Data,2024-04-07,Tablet,5.0,27196.0,CUST098,East,135980.0,4.0,27196.0,1.0
,,,,,,,,,Sales_Data,2024-04-08,Monitor,1.0,30717.0,CUST099,North,30717.0,4.0,30717.0,0.0
,,,,,,,,,Sales_Data,2024-04-09,Headphones,5.0,23376.0,CUST100,South,116880.0,4.0,23376.0,1.0
